{
  "IcoMoonType": "selection",
  "icons": [
    {
      "icon": {
        "paths": [
          "M721.408 114.33c-58.368-42.086-131.686-63.13-219.955-63.13-67.123 0-123.802 14.797-169.83 44.442-73.062 46.387-111.872 125.184-116.582 236.288h169.318c0-32.41 9.472-63.488 28.314-93.594 18.893-30.003 50.944-45.005 96.154-45.005 45.978 0 77.67 12.186 94.925 36.506 17.357 24.422 26.010 51.405 26.010 80.998 0 25.805-12.902 49.408-28.518 70.81-8.55 12.493-19.814 24.013-33.843 34.509 0 0-91.802 58.88-132.096 106.189-23.347 27.392-25.446 68.506-27.546 127.386-0.102 4.198 1.485 12.902 16.128 12.902 14.694 0 118.579 0 131.635 0 13.107 0 15.821-9.677 15.974-14.029 0.922-21.402 3.277-32.41 7.219-44.8 7.373-23.398 27.546-43.776 50.125-61.389l46.592-32.102c42.086-32.819 75.622-59.699 90.47-80.794 25.293-34.611 43.11-77.312 43.11-128-0.051-82.688-29.235-144.998-87.603-187.187zM498.739 764.109c-58.317-1.792-106.445 38.605-108.288 101.888-1.792 63.181 43.93 105.011 102.298 106.701 60.877 1.792 107.725-37.222 109.619-100.506 1.741-63.283-42.701-106.291-103.629-108.083z"
        ],
        "attrs": [
          {}
        ],
        "isMulticolor": false,
        "isMulticolor2": false,
        "tags": [
          "help"
        ],
        "grid": 20
      },
      "attrs": [
        {}
      ],
      "properties": {
        "order": 1,
        "id": 0,
        "prevSize": 20,
        "name": "help"
      },
      "setIdx": 0,
      "setId": 3,
      "iconIdx": 0
    },
    {
      "icon": {
        "paths": [
          "M512 439.603l-362.035-362.035-72.397 72.397 362.035 362.035-362.035 362.035 72.397 72.397 362.035-362.035 362.035 362.035 72.397-72.397-362.035-362.035 362.035-362.035-72.397-72.397-362.035 362.035z"
        ],
        "attrs": [
          {}
        ],
        "isMulticolor": false,
        "isMulticolor2": false,
        "tags": [
          "close"
        ],
        "grid": 20
      },
      "attrs": [
        {}
      ],
      "properties": {
        "order": 1,
        "id": 1,
        "name": "close",
        "prevSize": 20
      },
      "setIdx": 1,
      "setId": 2,
      "iconIdx": 0
    },
    {
      "icon": {
        "paths": [
          "M0 563.2l102.4-102.4 256 256 563.2-563.2 102.4 102.4-665.6 665.6z"
        ],
        "attrs": [
          {}
        ],
        "isMulticolor": false,
        "isMulticolor2": false,
        "tags": [
          "checkmark"
        ],
        "grid": 20
      },
      "attrs": [
        {}
      ],
      "properties": {
        "order": 1,
        "id": 0,
        "name": "checkmark",
        "prevSize": 20
      },
      "setIdx": 1,
      "setId": 2,
      "iconIdx": 1
    },
    {
      "icon": {
        "paths": [
          "M128 320v640c0 35.2 28.8 64 64 64h576c35.2 0 64-28.8 64-64v-640h-704zM320 896h-64v-448h64v448zM448 896h-64v-448h64v448zM576 896h-64v-448h64v448zM704 896h-64v-448h64v448z",
          "M848 128h-208v-80c0-26.4-21.6-48-48-48h-224c-26.4 0-48 21.6-48 48v80h-208c-26.4 0-48 21.6-48 48v80h832v-80c0-26.4-21.6-48-48-48zM576 128h-192v-63.198h192v63.198z"
        ],
        "tags": [
          "bin",
          "trashcan",
          "remove",
          "delete",
          "recycle",
          "dispose"
        ],
        "defaultCode": 59820,
        "grid": 16,
        "attrs": []
      },
      "attrs": [],
      "properties": {
        "ligatures": "bin, trashcan",
        "name": "bin",
        "order": 2,
        "id": 173,
        "prevSize": 32
      },
      "setIdx": 2,
      "setId": 1,
      "iconIdx": 172
    }
  ],
  "height": 1024,
  "preferences": {
    "showGlyphs": true,
    "showQuickUse": true,
    "showQuickUse2": true,
    "showSVGs": true,
    "fontPref": {
      "prefix": "icon-",
      "metadata": {
        "fontFamily": "icomoon"
      },
      "metrics": {
        "emSize": 1024,
        "baseline": 6.25,
        "whitespace": 50
      },
      "embed": false
    },
    "imagePref": {
      "prefix": "icon-",
      "png": false,
      "useClassSelector": true,
      "color": 0,
      "bgColor": 16777215,
      "classSelector": ".icon",
      "name": "icomoon",
      "height": 32,
      "columns": 16,
      "margin": 16
    },
    "historySize": 50,
    "showCodes": true,
    "gridSize": 16
  }
}